id,set,start,endtime,startbidprice,initialbidprice,ref,category,product,description,mrp,base
1,1,2021-10-20 09:00:00 +0000 +0000,2021-10-20 09:03:00 +0000 +0000,1,1,636,Home & Kitchen,Sangsara Giloy (1x60)    ,Sangsara Giloy (1x60)    ,799,791
2,1,2021-10-20 09:00:00 +0000 +0000,2021-10-20 09:03:00 +0000 +0000,1,1,1294,Home & Kitchen,Key Holder,Om Namah Shivay Mantra Keyholder (MDF_7.5X12 Inch_Multi),649,643
3,1,2021-10-20 09:00:00 +0000 +0000,2021-10-20 09:03:00 +0000 +0000,1,1,1105,Health Appliances,PAINLESS LANCING DEVICES,Dr. Odin PAINLESS LANCING DEVICE,350,346
4,1,2021-10-20 09:00:00 +0000 +0000,2021-10-20 09:03:00 +0000 +0000,1,1,330,Electronics & Appliances,Mini Car Air Purifier,Mini Auto Car Air Purifier Ionizer Ionic Oxygen Bar    ,599,593
5,1,2021-10-20 09:00:00 +0000 +0000,2021-10-20 09:03:00 +0000 +0000,1,1,1455,Electronics & Appliances,Drain Cleaner,Drain Cleaner,599,593
6,1,2021-10-20 09:00:00 +0000 +0000,2021-10-20 09:03:00 +0000 +0000,1,1,1297,Home & Kitchen,Key Holder,999Store Printed Yoga Dadu Keyholder( MDF_7.5X12 Inch_Multi) KeyholderP015,649,643
7,1,2021-10-20 09:00:00 +0000 +0000,2021-10-20 09:03:00 +0000 +0000,1,1,1405,Home & Kitchen,Key Holder,999Store Printed Lion Face Keyholder (MDF_7.5X12 Inch_Multi) KeyholderP123,649,643
8,1,2021-10-20 09:00:00 +0000 +0000,2021-10-20 09:03:00 +0000 +0000,1,1,1020,Home & Kitchen,Air Foot Pump,Multi-Purpose Air Foot Pump - Fotpup    ,699,692
9,1,2021-10-20 09:00:00 +0000 +0000,2021-10-20 09:03:00 +0000 +0000,1,1,1450,Electronics & Appliances,Mobiles Accessories,Screen Enlarger,399,395
10,2,2021-10-20 09:03:00 +0000 +0000,2021-10-20 09:06:00 +0000 +0000,1,1,841,Electronics & Appliances,HOT & COOL (NAYLON),HOT & COOL (NAYLON)    ,999,989
11,2,2021-10-20 09:03:00 +0000 +0000,2021-10-20 09:06:00 +0000 +0000,1,1,1339,Home & Kitchen,Key Holder,999Store Printed Mughal art Keyholder (MDF_7.5X12 Inch_Multi) KeyholderP057,649,643
12,2,2021-10-20 09:03:00 +0000 +0000,2021-10-20 09:06:00 +0000 +0000,1,1,1464,Accessories,Premium Laundry Bags,Aurome Premium Laundry Bags for dirty clothes and storage needs,799,791
13,2,2021-10-20 09:03:00 +0000 +0000,2021-10-20 09:06:00 +0000 +0000,1,1,1097,Grocery,Sangsara Skin,Sangsara Skin by Dr. Odin Ayurvedic Capsules,999,989
14,2,2021-10-20 09:03:00 +0000 +0000,2021-10-20 09:06:00 +0000 +0000,1,1,1415,Home & Kitchen,Key Holder,999Store Printed Men Face Keyholder (MDF_7.5X12 Inch_Multi) KeyholderP133,649,643
15,2,2021-10-20 09:03:00 +0000 +0000,2021-10-20 09:06:00 +0000 +0000,1,1,1125,Accessories,Premium Laundry Bags,Aurome Premium Laundry Bags for dirty clothes and storage needs,699,692
16,2,2021-10-20 09:03:00 +0000 +0000,2021-10-20 09:06:00 +0000 +0000,1,1,308,Electronics & Appliances,18 Pieces Screwdriver Set,Multipurpose 18 Pieces Screwdriver Bit Set with Solid Plastic Slotted Case,999,989
17,2,2021-10-20 09:03:00 +0000 +0000,2021-10-20 09:06:00 +0000 +0000,1,1,1418,Home & Kitchen,Key Holder,999Store Captain America and Iron Man Keyholder( MDF_7.5X12 Inch_Multi),649,643
18,2,2021-10-20 09:03:00 +0000 +0000,2021-10-20 09:06:00 +0000 +0000,1,1,1124,Grocery,Sangsara Turmeric (1x60),Sangsara Turmeric by Dr. Odin Ayurvedic Capsules,799,791
19,2,2021-10-20 09:03:00 +0000 +0000,2021-10-20 09:06:00 +0000 +0000,1,1,1376,Home & Kitchen,Key Holder,999Store Printed white Moon Keyholder ( MDF_7.5X12 Inch_Multi)KeyholderP094,649,643
20,3,2021-10-20 09:06:00 +0000 +0000,2021-10-20 09:09:00 +0000 +0000,1,1,489,Home & Kitchen,Plastic Fridgetray,Multifuction Plastic Kitchen Refrigerator FRIDGETRAY    ,699,692
21,3,2021-10-20 09:06:00 +0000 +0000,2021-10-20 09:09:00 +0000 +0000,1,1,336,Electronics & Appliances,Fake Infrared Sensor Dome,Dummy Fake Infrared Sensor Dome Wireless Security Camera With Blinking Led,999,989
22,3,2021-10-20 09:06:00 +0000 +0000,2021-10-20 09:09:00 +0000 +0000,1,1,1140,Health Appliances,RUBBER HOT WATER BOTTLE,Dr. Odin Pink RUBBER HOT WATER BOTTLE,380,376
23,3,2021-10-20 09:06:00 +0000 +0000,2021-10-20 09:09:00 +0000 +0000,1,1,1119,Accessories,Premium Laundry Bags,Aurome Premium Laundry Bags for dirty clothes and storage needs,699,692
24,3,2021-10-20 09:06:00 +0000 +0000,2021-10-20 09:09:00 +0000 +0000,1,1,1433,Electronics & Appliances,Reachargeable torch,Powerful Solar Rechargeable Torch + Emergency LED Lights,999,989
25,3,2021-10-20 09:06:00 +0000 +0000,2021-10-20 09:09:00 +0000 +0000,1,1,1086,Home & Kitchen,Duster/Brush set-GoDuster,"Electric Feather Spin Duster, Electronic Green Brush Set - GODUSTER    ",999,989
26,3,2021-10-20 09:06:00 +0000 +0000,2021-10-20 09:09:00 +0000 +0000,1,1,1114,Grocery,Sangara Aswagandha (1x60),Sangsara Aswagandha by Dr. Odin Ayurvedic Capsules,799,791
27,3,2021-10-20 09:06:00 +0000 +0000,2021-10-20 09:09:00 +0000 +0000,1,1,1323,Home & Kitchen,Key Holder,999Store Printed Mandala And Parrot Keyholder (MDF_7.5X12 Inch_Multi)P041,649,643
28,3,2021-10-20 09:06:00 +0000 +0000,2021-10-20 09:09:00 +0000 +0000,1,1,1394,Home & Kitchen,Key Holder,999Store Printed AirBalloon Keyholder (MDF_7.5X12 Inch_Multi),649,643
29,3,2021-10-20 09:06:00 +0000 +0000,2021-10-20 09:09:00 +0000 +0000,1,1,464,Home Furnishing,Multicolor Cushion Covers,"Aurome Set of 5 aquatic Cushion Cover - (Multicolour, 16 x 16 inch)",999,989
30,4,2021-10-20 09:09:00 +0000 +0000,2021-10-20 09:12:00 +0000 +0000,1,1,1320,Home & Kitchen,Key Holder,999Store Printed Shri Ganeshay Keyholder (MDF_7.5X12 Inch_Multi)rP038,649,643
31,4,2021-10-20 09:09:00 +0000 +0000,2021-10-20 09:12:00 +0000 +0000,1,1,1350,Home & Kitchen,Key Holder,999Store Printed We Desi Keyholder (MDF_7.5X12 Inch_Multi)P068,649,643
32,4,2021-10-20 09:09:00 +0000 +0000,2021-10-20 09:12:00 +0000 +0000,1,1,1434,Electronics & Appliances,Bathroom Accessory Set,Multi functional kichen scissors,999,989
33,4,2021-10-20 09:09:00 +0000 +0000,2021-10-20 09:12:00 +0000 +0000,1,1,1449,Electronics & Appliances,Hand Blender,Hand Blender,399,395
34,4,2021-10-20 09:09:00 +0000 +0000,2021-10-20 09:12:00 +0000 +0000,1,1,1296,Home & Kitchen,Key Holder,Printed Sardaar Ji  with a red rose Keyholder( MDF_7.5X12 Inch_Multi) ,649,643
35,4,2021-10-20 09:09:00 +0000 +0000,2021-10-20 09:12:00 +0000 +0000,1,1,1454,Electronics & Appliances,Headset,S-6 In-Ear Bluetooth Headset,599,593
36,4,2021-10-20 09:09:00 +0000 +0000,2021-10-20 09:12:00 +0000 +0000,1,1,1287,Home & Kitchen,Key Holder,Printed Old Lady & Litle Girls Keyholder (MDF_7.5X12 Inch_Multi) Keyholder,649,643
37,4,2021-10-20 09:09:00 +0000 +0000,2021-10-20 09:12:00 +0000 +0000,1,1,1124,Accessories,Premium Laundry Bags,Aurome Premium Laundry Bags for dirty clothes and storage needs,699,692
38,4,2021-10-20 09:09:00 +0000 +0000,2021-10-20 09:12:00 +0000 +0000,1,1,316,Electronics & Appliances,32 Pieces Screwdriver Set,Multipurpose Jackly Screwdriver Socket and Bit Tool Kit Set -32 Pieces  ,999,989
39,4,2021-10-20 09:09:00 +0000 +0000,2021-10-20 09:12:00 +0000 +0000,1,1,1306,Home & Kitchen,Key Holder,Face with a sunglass Keyholder (MDF_7.5X12 Inch_Multi),649,643
40,5,2021-10-20 09:12:00 +0000 +0000,2021-10-20 09:15:00 +0000 +0000,1,1,315,Electronics & Appliances,Pocket Knife Tool,14 In 1 Stainless Steel Multi Purpose Swiss Style Pocket Knife Tool   ,999,989
41,5,2021-10-20 09:12:00 +0000 +0000,2021-10-20 09:15:00 +0000 +0000,1,1,1325,Home & Kitchen,Key Holder,999Store Printed Taxi Keyholder (MDF_7.5X12 Inch_Multi) KeyholderP043,649,643
42,5,2021-10-20 09:12:00 +0000 +0000,2021-10-20 09:15:00 +0000 +0000,1,1,1340,Home & Kitchen,Key Holder,999Store Printed Elephant Keyholder (MDF_7.5X12 Inch_Multi) KeyholderP058,649,643
43,5,2021-10-20 09:12:00 +0000 +0000,2021-10-20 09:15:00 +0000 +0000,1,1,1309,Home & Kitchen,Key Holder,Printed Decorative Elephant Keyholder (MDF_7.5X12 Inch_Multi) KeyholderP027,649,643
44,5,2021-10-20 09:12:00 +0000 +0000,2021-10-20 09:15:00 +0000 +0000,1,1,1444,Electronics & Appliances,Health Essential Kit,Yoga slippers,599,593
45,5,2021-10-20 09:12:00 +0000 +0000,2021-10-20 09:15:00 +0000 +0000,1,1,1379,Home & Kitchen,Key Holder,999Store Printed Childrens Avengers Keyholder (MDF_7.5X12 Inch_Multi) ,649,643
46,5,2021-10-20 09:12:00 +0000 +0000,2021-10-20 09:15:00 +0000 +0000,1,1,419,Home & Kitchen,Plastic Egg Tray Box,Plastic Egg Tray Box for Fridge Egg Storage Container Basket Crate ,999,989
47,5,2021-10-20 09:12:00 +0000 +0000,2021-10-20 09:15:00 +0000 +0000,1,1,1317,Home & Kitchen,Key Holder,999Store Printed Ganesha Face  Keyholder (MDF_7.5X12 Inch_Multi)P035,649,643
48,5,2021-10-20 09:12:00 +0000 +0000,2021-10-20 09:15:00 +0000 +0000,1,1,1118,Accessories,Premium Laundry Bags,Aurome Premium Laundry Bags for dirty clothes and storage needs,699,692
49,5,2021-10-20 09:12:00 +0000 +0000,2021-10-20 09:15:00 +0000 +0000,1,1,458,Home Furnishing,Blue Cushion Covers,"Aurome Set of 5 shades of blue Cushion Cover - (Multicolour, 16 x 16 inch)",999,989
50,6,2021-10-20 09:15:00 +0000 +0000,2021-10-20 09:18:00 +0000 +0000,1,1,459,Home Furnishing,Cushions Covers,"Aurome Set of 5 summer shade Cushion Cover - (Multicolour, 16 x 16 inch )",999,989
51,6,2021-10-20 09:15:00 +0000 +0000,2021-10-20 09:18:00 +0000 +0000,1,1,450,Home & Kitchen,Sangsara Brain,Sangsara Brain    ,999,989
52,6,2021-10-20 09:15:00 +0000 +0000,2021-10-20 09:18:00 +0000 +0000,1,1,782,Home & Kitchen,Sangsara Build,Sangsara Build    ,999,989
53,6,2021-10-20 09:15:00 +0000 +0000,2021-10-20 09:18:00 +0000 +0000,1,1,1104,Health Appliances,STERILE LANCET,Dr.Odin 100 sterile lancets,350,346
54,6,2021-10-20 09:15:00 +0000 +0000,2021-10-20 09:18:00 +0000 +0000,1,1,1422,Home & Kitchen,Key Holder,999Store Printed Key Care Takers Keyholder (MDF_7.5X12 Inch_Multi),649,643
55,6,2021-10-20 09:15:00 +0000 +0000,2021-10-20 09:18:00 +0000 +0000,1,1,1396,Home & Kitchen,Key Holder,999Store Printed Tree Keyholder (MDF_7.5X12 Inch_Multi) KeyholderP114,649,643
56,6,2021-10-20 09:15:00 +0000 +0000,2021-10-20 09:18:00 +0000 +0000,1,1,1298,Home & Kitchen,Key Holder,999store Printed Smoke Keyholder( MDF_7.5X12 Inch_Multi) KeyholderP016,649,643
57,6,2021-10-20 09:15:00 +0000 +0000,2021-10-20 09:18:00 +0000 +0000,1,1,1308,Home & Kitchen,Key Holder,999Store Printed Decorative Dancing Lady Keyholder (MDF_7.5X12 Inch_Multi),649,643
58,6,2021-10-20 09:15:00 +0000 +0000,2021-10-20 09:18:00 +0000 +0000,1,1,1329,Home & Kitchen,Key Holder,999Store Printed Decorative Camel Keyholder (MDF_7.5X12 Inch_Multi)P047,649,643
59,6,2021-10-20 09:15:00 +0000 +0000,2021-10-20 09:18:00 +0000 +0000,1,1,1291,Home & Kitchen,Key Holder,Abstruck Face Printed Keyholder (MDF_7.5X12 Inch_Multi) ,649,643
60,7,2021-10-20 09:18:00 +0000 +0000,2021-10-20 09:21:00 +0000 +0000,1,1,1315,Home & Kitchen,Key Holder,999Store Printed Radha Krishna Keyholder (MDF_7.5X12 Inch_Multi)P033,649,643
61,7,2021-10-20 09:18:00 +0000 +0000,2021-10-20 09:21:00 +0000 +0000,1,1,618,Home & Kitchen,Sangsara Neem (1x60)    ,Sangsara Neem (1x60)    ,799,791
62,7,2021-10-20 09:18:00 +0000 +0000,2021-10-20 09:21:00 +0000 +0000,1,1,1318,Home & Kitchen,Key Holder,999Store Printed Ganesha Face Keyholder (MDF_7.5X12 Inch_Multi)rP036,649,643
63,7,2021-10-20 09:18:00 +0000 +0000,2021-10-20 09:21:00 +0000 +0000,1,1,448,Home & Kitchen,Sangsara skin,Sangsara Skin    ,999,989
64,7,2021-10-20 09:18:00 +0000 +0000,2021-10-20 09:21:00 +0000 +0000,1,1,1421,Home & Kitchen,Key Holder,999Store Printed Keys Please Keyholder (MDF_7.5X12 Inch_Multi),649,643
65,7,2021-10-20 09:18:00 +0000 +0000,2021-10-20 09:21:00 +0000 +0000,1,1,321,Electronics & Appliances,Toothpaste Dispenser,Automatic Toothpaste Dispenser with Tooth Brush Holder,999,989
66,7,2021-10-20 09:18:00 +0000 +0000,2021-10-20 09:21:00 +0000 +0000,1,1,1401,Home & Kitchen,Key Holder,999Store Printed Buddha Keyholder (MDF_7.5X12 Inch_Multi) KeyholderP119,649,643
67,7,2021-10-20 09:18:00 +0000 +0000,2021-10-20 09:21:00 +0000 +0000,1,1,1115,Health Appliances,STEAM VAPORIZER,"Face, Nose, and Cough Steamer 3 in 1 Plastic Steam Vaporizer",750,742
68,7,2021-10-20 09:18:00 +0000 +0000,2021-10-20 09:21:00 +0000 +0000,1,1,1451,Electronics & Appliances,Headphone,Neckband Headphones HBS-730,599,593
69,7,2021-10-20 09:18:00 +0000 +0000,2021-10-20 09:21:00 +0000 +0000,1,1,1374,Home & Kitchen,Key Holder,999Store Printed Fish Keyholder (MDF_7.5X12 Inch_Multi) KeyholderP092,649,643
70,8,2021-10-20 09:21:00 +0000 +0000,2021-10-20 09:24:00 +0000 +0000,1,1,1398,Home & Kitchen,Key Holder,999Store Printed Abstruck Men Printed Keyholder (MDF_7.5X12 Inch_Multi),649,643
71,8,2021-10-20 09:21:00 +0000 +0000,2021-10-20 09:24:00 +0000 +0000,1,1,449,Home & Kitchen,"Chopperr, slicer, dicer","New Handy Mini Chopper with 3 Blades, Hand Manual Grater Slicer & dicer ",999,989
72,8,2021-10-20 09:21:00 +0000 +0000,2021-10-20 09:24:00 +0000 +0000,1,1,1332,Home & Kitchen,Key Holder,999Store Printed Indian Dancing Women Keyholder (MDF_7.5X12 Inch_Multi)P050,649,643
73,8,2021-10-20 09:21:00 +0000 +0000,2021-10-20 09:24:00 +0000 +0000,1,1,1360,Home & Kitchen,Key Holder,999Store Printed Moon Owl Keyholder (MDF_7.5X12 Inch_Multi) KeyholderP078,649,643
74,8,2021-10-20 09:21:00 +0000 +0000,2021-10-20 09:24:00 +0000 +0000,1,1,420,Home & Kitchen,Writing & Drawing Tablet,Electronic Writing & Drawing  Tablet for Kids and Adults     ,999,989
75,8,2021-10-20 09:21:00 +0000 +0000,2021-10-20 09:24:00 +0000 +0000,1,1,1452,Electronics & Appliances,Headphone,Oer the ear sports Headphones QC-10,599,593
76,8,2021-10-20 09:21:00 +0000 +0000,2021-10-20 09:24:00 +0000 +0000,1,1,612,Electronics & Appliances,LANCET    ,LANCET    ,350,346
77,8,2021-10-20 09:21:00 +0000 +0000,2021-10-20 09:24:00 +0000 +0000,1,1,514,Home & Kitchen,Suction gargle device,Portable Suction Multi-Purpose Wash Gargle Device ,999,989
78,8,2021-10-20 09:21:00 +0000 +0000,2021-10-20 09:24:00 +0000 +0000,1,1,1121,Grocery,Sangsara Brahmi (1x60),Sangsara Brahmi by Dr. Odin Ayurvedic Capsules,799,791
79,8,2021-10-20 09:21:00 +0000 +0000,2021-10-20 09:24:00 +0000 +0000,1,1,1465,Accessories,Premium Laundry Bags,Aurome Premium Laundry Bags for dirty clothes and storage needs,799,791
80,9,2021-10-20 09:24:00 +0000 +0000,2021-10-20 09:27:00 +0000 +0000,1,1,309,Electronics & Appliances,31 Pieces Screwdriver Set,Multipurpose 31 Pieces Jackly Screwdriver Set & Tool Kit Set Combination,999,989
81,9,2021-10-20 09:24:00 +0000 +0000,2021-10-20 09:27:00 +0000 +0000,1,1,1352,Home & Kitchen,Key Holder,999Store Friendship Makes Life Beautiful Keyholder (MDF_7.5X12 InchMulti),649,643
82,9,2021-10-20 09:24:00 +0000 +0000,2021-10-20 09:27:00 +0000 +0000,1,1,1103,Grocery,Sangsara Diabetes,Sangsara Diabetes by Dr. Odin Ayurvedic Capsules,999,989
83,9,2021-10-20 09:24:00 +0000 +0000,2021-10-20 09:27:00 +0000 +0000,1,1,1088,Electronics & Appliances,Hot & cool,HOT & COOL (NAYLON ELASTICATED)    ,799,791
84,9,2021-10-20 09:24:00 +0000 +0000,2021-10-20 09:27:00 +0000 +0000,1,1,609,Home & Kitchen,Sangsara Diabetes    ,Sangsara Diabetes    ,999,989
85,9,2021-10-20 09:24:00 +0000 +0000,2021-10-20 09:27:00 +0000 +0000,1,1,1369,Home & Kitchen,Key Holder,999Store Keep Calm & Donâ€™t Forget Keyholder (MDF_7.5X12 Inch_Multi)P087,649,643
86,9,2021-10-20 09:24:00 +0000 +0000,2021-10-20 09:27:00 +0000 +0000,1,1,1330,Home & Kitchen,Key Holder,999Store Printed Three Parrot Keyholder (MDF_7.5X12 Inch_Multi) P048,649,643
87,9,2021-10-20 09:24:00 +0000 +0000,2021-10-20 09:27:00 +0000 +0000,1,1,617,Home & Kitchen,Hamper Bag- ESYLNDYBG    ,Laundry Clothes Hamper Bag- ESYLNDYBG    ,799,791
88,9,2021-10-20 09:24:00 +0000 +0000,2021-10-20 09:27:00 +0000 +0000,1,1,1132,Health Appliances,HOT & COOL (NAYLON),Dr.Odin reusable hot and cold pack,999,989
89,9,2021-10-20 09:24:00 +0000 +0000,2021-10-20 09:27:00 +0000 +0000,1,1,371,Home & Kitchen,Screwdriver Bit Tool Kit,Multipurpose Metal Screwdriver Bit Tool Kit -Set of 16 Pieces,600,594
90,10,2021-10-20 09:27:00 +0000 +0000,2021-10-20 09:30:00 +0000 +0000,1,1,1417,Home & Kitchen,Key Holder,999Store Printed Parrot And Sparrow Keyholder ( MDF_7.5X12 Inch_Multi) ,649,643
91,10,2021-10-20 09:27:00 +0000 +0000,2021-10-20 09:30:00 +0000 +0000,1,1,1327,Home & Kitchen,Key Holder,999Store Printed Decorative Horse Keyholder (MDF_7.5X12 Inch_Multi)P045,649,643
92,10,2021-10-20 09:27:00 +0000 +0000,2021-10-20 09:30:00 +0000 +0000,1,1,1326,Home & Kitchen,Key Holder,999Store Printed Kathakali face Keyholder (MDF_7.5X12 Inch_Multi) P044,649,643
93,10,2021-10-20 09:27:00 +0000 +0000,2021-10-20 09:30:00 +0000 +0000,1,1,348,Home & Kitchen,27 pcs Wrench Tool Kit,"27 pcs Wrench Tool Kit Magnetic Toolkit for Home, Office, Car, Bike",999,989
94,10,2021-10-20 09:27:00 +0000 +0000,2021-10-20 09:30:00 +0000 +0000,1,1,326,Electronics & Appliances,24 Pcs Screwdriver Kit,"24 Pcs Screwdriver Socket ToolKit For Home, Office, Car, Bike",999,989
95,10,2021-10-20 09:27:00 +0000 +0000,2021-10-20 09:30:00 +0000 +0000,1,1,1288,Home & Kitchen,Key Holder,Printed Nimbu And Mirch Keyholder (MDF_7.5X12 Inch_Multi) Keyholder,649,643
96,10,2021-10-20 09:27:00 +0000 +0000,2021-10-20 09:30:00 +0000 +0000,1,1,1129,Grocery,Sangsara Moringa (1x60),Sangsara Moringa by Dr. Odin Ayurvedic Capsules,799,791
97,10,2021-10-20 09:27:00 +0000 +0000,2021-10-20 09:30:00 +0000 +0000,1,1,1303,Home & Kitchen,Key Holder,Radha Krishna Keyholder (MDF_7.5X12 Inch_Multi) KeyholderP021,649,643
98,10,2021-10-20 09:27:00 +0000 +0000,2021-10-20 09:30:00 +0000 +0000,1,1,1373,Home & Kitchen,Key Holder,999Store Printed Decorative Ganesha Keyholder (MDF_7.5X12 Inch_Multi)P091,649,643
99,10,2021-10-20 09:27:00 +0000 +0000,2021-10-20 09:30:00 +0000 +0000,1,1,1442,Electronics & Appliances,lamp,Mushroom Light,599,593
100,11,2021-10-20 09:30:00 +0000 +0000,2021-10-20 09:33:00 +0000 +0000,1,1,1425,Home & Kitchen,Key Holder,999Store Printed Play Musice in Space Keyholder (MDF_7.5X12 Inch_Multi),649,643
101,11,2021-10-20 09:30:00 +0000 +0000,2021-10-20 09:33:00 +0000 +0000,1,1,1406,Home & Kitchen,Key Holder,999Store Printed Quotes Keyholder (MDF_7.5X12 Inch_Multi) KeyholderP124,649,643
102,11,2021-10-20 09:30:00 +0000 +0000,2021-10-20 09:33:00 +0000 +0000,1,1,817,Electronics & Appliances,STEAM VAPORIZER    ,STEAM VAPORIZER    ,550,544
103,11,2021-10-20 09:30:00 +0000 +0000,2021-10-20 09:33:00 +0000 +0000,1,1,762,Home & Kitchen,Sangsara Gudmar (1x60),Sangsara Gudmar (1x60)    ,799,791
104,11,2021-10-20 09:30:00 +0000 +0000,2021-10-20 09:33:00 +0000 +0000,1,1,1290,Home & Kitchen,Key Holder,The Worst Part Of Life is Waiting Keyholder (MDF_7.5X12 Inch_Multi),649,643
105,11,2021-10-20 09:30:00 +0000 +0000,2021-10-20 09:33:00 +0000 +0000,1,1,1345,Home & Kitchen,Key Holder,999Store Printed Decorative Ganesha Keyholder (MDF_7.5X12 Inch_Multi)P063,649,643
106,11,2021-10-20 09:30:00 +0000 +0000,2021-10-20 09:33:00 +0000 +0000,1,1,463,Home Furnishing,Multicolor Cushion Covers,"Aurome Set of 5 paisley print Cushion Cover - (Multicolour, 16 x 16 inch)",999,989
107,11,2021-10-20 09:30:00 +0000 +0000,2021-10-20 09:33:00 +0000 +0000,1,1,1334,Home & Kitchen,Key Holder,999Store Printed Buddha Welcome Keyholder (MDF_7.5X12 Inch_Multi)P052,649,643
108,11,2021-10-20 09:30:00 +0000 +0000,2021-10-20 09:33:00 +0000 +0000,1,1,1307,Home & Kitchen,Key Holder,Decorative Hand Namaskar Keyholder (MDF_7.5X12 Inch_Multi) KeyholderP025,649,643
109,11,2021-10-20 09:30:00 +0000 +0000,2021-10-20 09:33:00 +0000 +0000,1,1,629,Home & Kitchen,nti-TheftLock Motor Bike,Anti-TheftLock Motor Bike Padlock with Smart Motion Sensor (Black)    ,999,989
110,12,2021-10-20 09:33:00 +0000 +0000,2021-10-20 09:36:00 +0000 +0000,1,1,370,Home & Kitchen,Electronic Travel Luggage,Multicolor Portable Electronic Travel Luggage Scale 40Kg - KK570    ,999,989
111,12,2021-10-20 09:33:00 +0000 +0000,2021-10-20 09:36:00 +0000 +0000,1,1,1301,Home & Kitchen,Key Holder,Printed Upside-Down Birds Keyholder( MDF_7.5X12 Inch_Multi),649,643
112,12,2021-10-20 09:33:00 +0000 +0000,2021-10-20 09:36:00 +0000 +0000,1,1,400,Home & Kitchen,8-Pack Closet Organizer,8-Pack Wonder Closet Space Saver Wardrobe Organizer - 8PCHANGER    ,999,989
113,12,2021-10-20 09:33:00 +0000 +0000,2021-10-20 09:36:00 +0000 +0000,1,1,1456,Electronics & Appliances,Emergency light,Golden Lalten Emergency Light,599,593
114,12,2021-10-20 09:33:00 +0000 +0000,2021-10-20 09:36:00 +0000 +0000,1,1,1356,Home & Kitchen,Key Holder,999Store Printed SpongeBob Cartoon Keyholder (MDF_7.5X12 Inch_Multi)P074,649,643
115,12,2021-10-20 09:33:00 +0000 +0000,2021-10-20 09:36:00 +0000 +0000,1,1,465,Home Furnishing,Multicolor Cushion Covers,Aurome Set of 5 colorful pencil print Cushion Cover - (16 x 16 inch),999,989
116,12,2021-10-20 09:33:00 +0000 +0000,2021-10-20 09:36:00 +0000 +0000,1,1,1402,Home & Kitchen,Key Holder,999Store Printed Lady Swagat Keyholder (MDF_7.5X12 Inch_Multi),649,643
117,12,2021-10-20 09:33:00 +0000 +0000,2021-10-20 09:36:00 +0000 +0000,1,1,373,Accessories,Premium Laundry Bags,Aurome Premium Laundry Bags for dirty clothes and storage needs,599,593
118,12,2021-10-20 09:33:00 +0000 +0000,2021-10-20 09:36:00 +0000 +0000,1,1,1377,Home & Kitchen,Key Holder,999Store Printed Blue Moon Keyholder (MDF_7.5X12 Inch_Multi) KeyholderP095,649,643
119,12,2021-10-20 09:33:00 +0000 +0000,2021-10-20 09:36:00 +0000 +0000,1,1,819,Home & Kitchen,Foldable Laundry Bag,Multicolor Attractive Round Shape Foldable Big Laundry Bag   ,999,989
120,13,2021-10-20 09:36:00 +0000 +0000,2021-10-20 09:39:00 +0000 +0000,1,1,1432,Home & Kitchen,Key Holder,999Store Printed Good Vibes Only Keyholder (MDF_7.5X12 Inch_Multi),649,643
121,13,2021-10-20 09:36:00 +0000 +0000,2021-10-20 09:39:00 +0000 +0000,1,1,1341,Home & Kitchen,Key Holder,999Store Keep Calm And Dream Big Keyholder (MDF_7.5X12 Inch_Multi)P059,649,643
122,13,2021-10-20 09:36:00 +0000 +0000,2021-10-20 09:39:00 +0000 +0000,1,1,1435,Electronics & Appliances,Health Essential Kit,Posture Correction Belt,999,989
123,13,2021-10-20 09:36:00 +0000 +0000,2021-10-20 09:39:00 +0000 +0000,1,1,1383,Home & Kitchen,Key Holder,999Store Printed Lady Keyholder (MDF_7.5X12 Inch_Multi),649,643
124,13,2021-10-20 09:36:00 +0000 +0000,2021-10-20 09:39:00 +0000 +0000,1,1,1338,Home & Kitchen,Key Holder,999Store Printed Dercorative Elephant Keyholder (MDF_7.5X12 Inch_Multi)P056,649,643
125,13,2021-10-20 09:36:00 +0000 +0000,2021-10-20 09:39:00 +0000 +0000,1,1,1333,Home & Kitchen,Key Holder,999Store Printed Dercorative Elephant Keyholder (MDF_7.5X12 Inch_Multi)P051,649,643
126,13,2021-10-20 09:36:00 +0000 +0000,2021-10-20 09:39:00 +0000 +0000,1,1,1414,Home & Kitchen,Key Holder,999Store Printed Men Face Keyholder (MDF_7.5X12 Inch_Multi) KeyholderP132,649,643
127,13,2021-10-20 09:36:00 +0000 +0000,2021-10-20 09:39:00 +0000 +0000,1,1,1431,Home & Kitchen,Key Holder,999Store Printed Hang Your Keys Here Keyholder (MDF_7.5X12 Inch_Multi),649,643
128,13,2021-10-20 09:36:00 +0000 +0000,2021-10-20 09:39:00 +0000 +0000,1,1,1121,Accessories,Premium Laundry Bags,Aurome Premium Laundry Bags for dirty clothes and storage needs,699,692
129,13,2021-10-20 09:36:00 +0000 +0000,2021-10-20 09:39:00 +0000 +0000,1,1,1375,Home & Kitchen,Key Holder,999Store Printed Indian women Keyholder ( MDF_7.5X12 Inch_Multi) ,649,643
130,14,2021-10-20 09:39:00 +0000 +0000,2021-10-20 09:42:00 +0000 +0000,1,1,1370,Home & Kitchen,Key Holder,999Store Keep Calm Remember Your Keys Keyholder (MDF_7.5X12 Inch_Multi),649,643
131,14,2021-10-20 09:39:00 +0000 +0000,2021-10-20 09:42:00 +0000 +0000,1,1,459,Home & Kitchen,Dining Cup Holder Tray,Shopper52 Automobile Travel Car Meal Plate Cup Holder Tray  ,999,989
132,14,2021-10-20 09:39:00 +0000 +0000,2021-10-20 09:42:00 +0000 +0000,1,1,1453,Electronics & Appliances,Door Led Light,Door LED Light,599,593
133,14,2021-10-20 09:39:00 +0000 +0000,2021-10-20 09:42:00 +0000 +0000,1,1,1429,Home & Kitchen,Key Holder,999Store Good Vibes Only Keyholder (MDF_7.5X12 Inch_Multi) KeyholderP147,649,643
134,14,2021-10-20 09:39:00 +0000 +0000,2021-10-20 09:42:00 +0000 +0000,1,1,1404,Home & Kitchen,Key Holder,999Store Printed Waiting For You Lady Keyholder (MDF_7.5X12 Inch_Multi),649,643
135,14,2021-10-20 09:39:00 +0000 +0000,2021-10-20 09:42:00 +0000 +0000,1,1,1283,Home & Kitchen,Key Holder,Printed Decorative House Keyholder (MDF_7.5X12 Inch_Multi) KeyholderP001,649,643
136,14,2021-10-20 09:39:00 +0000 +0000,2021-10-20 09:42:00 +0000 +0000,1,1,445,Home & Kitchen,Water Spray Gun,Water Spray Gun 10 Meter Hose Pipe For House Garden & Car Wash - SPRGN    ,999,989
137,14,2021-10-20 09:39:00 +0000 +0000,2021-10-20 09:42:00 +0000 +0000,1,1,1138,Health Appliances,HOT & COOL (NAYLON ),Dr.Odin reusable hot and cold pack,799,791
138,14,2021-10-20 09:39:00 +0000 +0000,2021-10-20 09:42:00 +0000 +0000,1,1,1382,Home & Kitchen,Key Holder,999Store Printed Bhart Natyam Indian Lady Keyholder (MDF_7.5X12 Inch_Multi),649,643
139,14,2021-10-20 09:39:00 +0000 +0000,2021-10-20 09:42:00 +0000 +0000,1,1,332,Electronics & Appliances,Hand Gloves,Assorted Microfibre Dusting And Cleaning Hand Gloves ,999,989
140,15,2021-10-20 09:42:00 +0000 +0000,2021-10-20 09:45:00 +0000 +0000,1,1,1362,Home & Kitchen,Key Holder,999Store Printed Dercorative Horse Keyholder( MDF_7.5X12 Inch_Multi)P080,649,643
141,15,2021-10-20 09:42:00 +0000 +0000,2021-10-20 09:45:00 +0000 +0000,1,1,1461,Accessories,Premium Laundry Bags,Aurome Premium Laundry Bags for dirty clothes and storage needs,799,791
142,15,2021-10-20 09:42:00 +0000 +0000,2021-10-20 09:45:00 +0000 +0000,1,1,1413,Home & Kitchen,Key Holder,999Store Printed Drunken Men Keyholder (MDF_7.5X12 Inch_Multi) ,649,643
143,15,2021-10-20 09:42:00 +0000 +0000,2021-10-20 09:45:00 +0000 +0000,1,1,1314,Home & Kitchen,Key Holder,999Store Printed Combo Parrot Keyholder (MDF_7.5X12 Inch_Multi)P032,649,643
144,15,2021-10-20 09:42:00 +0000 +0000,2021-10-20 09:45:00 +0000 +0000,1,1,1107,Grocery,Sangsara Neem (1x60),Sangsara Neem by Dr. Odin Ayurvedic Capsules,799,791
145,15,2021-10-20 09:42:00 +0000 +0000,2021-10-20 09:45:00 +0000 +0000,1,1,1284,Home & Kitchen,Key Holder,Printed Dancing Lady Keyholder (MDF_7.5X12 Inch_Multi) KeyholderP002,649,643
146,15,2021-10-20 09:42:00 +0000 +0000,2021-10-20 09:45:00 +0000 +0000,1,1,1378,Home & Kitchen,Key Holder,999Store Printed Red Moon Keyholder (MDF_7.5X12 Inch_Multi) KeyholderP096,649,643
147,15,2021-10-20 09:42:00 +0000 +0000,2021-10-20 09:45:00 +0000 +0000,1,1,1321,Home & Kitchen,Key Holder,999Store Printed Dercorative Ganesha Keyholder (MDF_7.5X12 Inch_Multi)P039,649,643
148,15,2021-10-20 09:42:00 +0000 +0000,2021-10-20 09:45:00 +0000 +0000,1,1,1439,Electronics & Appliances,Portable speaker,Speaker ws-887,599,593
149,15,2021-10-20 09:42:00 +0000 +0000,2021-10-20 09:45:00 +0000 +0000,1,1,1335,Home & Kitchen,Key Holder,999Store Printed Buddha Welcome & Om Keyholder (MDF_7.5X12 Inch_Multi) P053,649,643
150,16,2021-10-20 09:45:00 +0000 +0000,2021-10-20 09:48:00 +0000 +0000,1,1,1128,Accessories,Premium Laundry Bags,Aurome Premium Laundry Bags for dirty clothes and storage needs,699,692
151,16,2021-10-20 09:45:00 +0000 +0000,2021-10-20 09:48:00 +0000 +0000,1,1,828,Home & Kitchen,40 Pcs Screwdriver Set,"40 Pcs Screwdriver Socket Set & Bit,Set Jackly, Combination Tool kit",999,989
152,16,2021-10-20 09:45:00 +0000 +0000,2021-10-20 09:48:00 +0000 +0000,1,1,1092,Electronics & Appliances,Hot water bottle,RUBBER HOT WATER BOTTLE    ,380,376
153,16,2021-10-20 09:45:00 +0000 +0000,2021-10-20 09:48:00 +0000 +0000,1,1,1462,Accessories,Premium Laundry Bags,Aurome Premium Laundry Bags for dirty clothes and storage needs,799,791
154,16,2021-10-20 09:45:00 +0000 +0000,2021-10-20 09:48:00 +0000 +0000,1,1,460,Home & Kitchen,Cooking Utensil Set,"Plastic Spatula, Mixing Spoon, Ladle, Fork, Drainer Cooking Set    ",999,989
155,16,2021-10-20 09:45:00 +0000 +0000,2021-10-20 09:48:00 +0000 +0000,1,1,1459,Electronics & Appliances,3in1 Kitchen shelf holder,3in1 Kitchen Shelf Cleaning Stand Holder - 3IN1KST   ,999,989
156,16,2021-10-20 09:45:00 +0000 +0000,2021-10-20 09:48:00 +0000 +0000,1,1,1391,Home & Kitchen,Key Holder,999Store Printed Aster Flower Keyholder (MDF_7.5X12 Inch_Multi),649,643
157,16,2021-10-20 09:45:00 +0000 +0000,2021-10-20 09:48:00 +0000 +0000,1,1,319,Electronics & Appliances,21 Pieces Screwdriver Set,Multipurpose Screwdriver Set and Jackly Wrench Magnetic Tool Kit 21 Pieces ,999,989
158,16,2021-10-20 09:45:00 +0000 +0000,2021-10-20 09:48:00 +0000 +0000,1,1,1388,Home & Kitchen,Key Holder,999Store Printed Horse Keyholder (MDF_7.5X12 Inch_Multi) KeyholderP106,649,643
159,16,2021-10-20 09:45:00 +0000 +0000,2021-10-20 09:48:00 +0000 +0000,1,1,1343,Home & Kitchen,Key Holder,999Store Printed Shri Ganeshay Namah Keyholder (MDF_7.5X12 Inch_Multi)P061,649,643
160,17,2021-10-20 09:48:00 +0000 +0000,2021-10-20 09:51:00 +0000 +0000,1,1,1412,Home & Kitchen,Key Holder,999Store Printed Dedective Men Keyholder (MDF_7.5X12 Inch_Multi),649,643
161,17,2021-10-20 09:48:00 +0000 +0000,2021-10-20 09:51:00 +0000 +0000,1,1,1313,Home & Kitchen,Key Holder,999Store Printed Feathers Print Animals Keyholder (MDF_7.5X12 Inch_Multi),649,643
162,17,2021-10-20 09:48:00 +0000 +0000,2021-10-20 09:51:00 +0000 +0000,1,1,1351,Home & Kitchen,Key Holder,999Store Printed Angels Are Friends Keyholder (MDF_7.5X12 Inch_Multi)P069,649,643
163,17,2021-10-20 09:48:00 +0000 +0000,2021-10-20 09:51:00 +0000 +0000,1,1,1342,Home & Kitchen,Key Holder,999Store Printed Cycling Animals Keyholder (MDF_7.5X12 Inch_Multi)P060,649,643
164,17,2021-10-20 09:48:00 +0000 +0000,2021-10-20 09:51:00 +0000 +0000,1,1,1331,Home & Kitchen,Key Holder,999Store Printed Indian Dancing Lady Keyholder ( MDF_7.5X12 Inch_Multi)P049,649,643
165,17,2021-10-20 09:48:00 +0000 +0000,2021-10-20 09:51:00 +0000 +0000,1,1,1300,Home & Kitchen,Key Holder,999Store Printed Woman Face Keyholder( MDF_7.5X12 Inch_Multi) KeyholderP018,649,643
166,17,2021-10-20 09:48:00 +0000 +0000,2021-10-20 09:51:00 +0000 +0000,1,1,1386,Home & Kitchen,Key Holder,999Store Printed Dark Moon Elephant Face Keyholder (MDF_7.5X12 Inch_Multi),649,643
167,17,2021-10-20 09:48:00 +0000 +0000,2021-10-20 09:51:00 +0000 +0000,1,1,1372,Home & Kitchen,Key Holder,999Store Printed Bhavnao Ko Smjho Keyholder (MDF_7.5X12 Inch_Multi)P090,649,643
168,17,2021-10-20 09:48:00 +0000 +0000,2021-10-20 09:51:00 +0000 +0000,1,1,1130,Health Appliances,STEAM VAPORIZER,"Face, Nose, and Cough Steamer 3 in 1 Plastic Steam Vaporizer",550,544
169,17,2021-10-20 09:48:00 +0000 +0000,2021-10-20 09:51:00 +0000 +0000,1,1,1390,Home & Kitchen,Key Holder,999Store Printed Aster Flower Keyholder (MDF_7.5X12 Inch_Multi),649,643
170,18,2021-10-20 09:51:00 +0000 +0000,2021-10-20 09:54:00 +0000 +0000,1,1,1403,Home & Kitchen,Key Holder,999Store Printed Kathakali face Keyholder (MDF_7.5X12 Inch_Multi),649,643
171,18,2021-10-20 09:51:00 +0000 +0000,2021-10-20 09:54:00 +0000 +0000,1,1,1393,Home & Kitchen,Key Holder,999Store Printed Men Redy To Picnic Keyholder( MDF_7.5X12 Inch_Multi),649,643
172,18,2021-10-20 09:51:00 +0000 +0000,2021-10-20 09:54:00 +0000 +0000,1,1,402,Home & Kitchen,Pump Hand Wash Dispenser,Shopper52 SOPBOLT Plastic C-Shaped Pump Hand Wash Soap Liquid Dispenser  ,999,989
173,18,2021-10-20 09:51:00 +0000 +0000,2021-10-20 09:54:00 +0000 +0000,1,1,1347,Home & Kitchen,Key Holder,999Store Printed Decorative Elephant Keyholder (MDF_7.5X12 Inch_Multi)P065,649,643
174,18,2021-10-20 09:51:00 +0000 +0000,2021-10-20 09:54:00 +0000 +0000,1,1,1366,Home & Kitchen,Key Holder,999Store Mili Toh Best Nahi Toh Next Keyholder (MDF_7.5X12 Inch_Multi)P084,649,643
175,18,2021-10-20 09:51:00 +0000 +0000,2021-10-20 09:54:00 +0000 +0000,1,1,457,Home Furnishing,Abstract Print Bedsheet,About home Beautiful abstract print double bedsheet with 2 pillow covers,999,989
176,18,2021-10-20 09:51:00 +0000 +0000,2021-10-20 09:54:00 +0000 +0000,1,1,1305,Home & Kitchen,Key Holder,Kathakali face Keyholder (MDF_7.5X12 Inch_Multi) KeyholderP023,649,643
177,18,2021-10-20 09:51:00 +0000 +0000,2021-10-20 09:54:00 +0000 +0000,1,1,337,Electronics & Appliances,11 In 1 Survival ToolKit ,11 In 1 Stainless Steel Survival Tool Kit Pocket - 11In1Tk    ,499,494
178,18,2021-10-20 09:51:00 +0000 +0000,2021-10-20 09:54:00 +0000 +0000,1,1,1408,Home & Kitchen,Key Holder,999Store Printed Butterfly Keyholder (MDF_7.5X12 Inch_Multi) KeyholderP126,649,643
179,18,2021-10-20 09:51:00 +0000 +0000,2021-10-20 09:54:00 +0000 +0000,1,1,1293,Home & Kitchen,Key Holder,999Store Printed Lady Face Keyholder (MDF_7.5X12 Inch_Multi) KeyholderP011,649,643
180,19,2021-10-20 09:54:00 +0000 +0000,2021-10-20 09:57:00 +0000 +0000,1,1,1458,Electronics & Appliances,Headset,In-Ear Headphones with 4D Bass,499,494
181,19,2021-10-20 09:54:00 +0000 +0000,2021-10-20 09:57:00 +0000 +0000,1,1,1122,Accessories,Premium Laundry Bags,Aurome Premium Laundry Bags for dirty clothes and storage needs,699,692
182,19,2021-10-20 09:54:00 +0000 +0000,2021-10-20 09:57:00 +0000 +0000,1,1,1112,Grocery,Sangsara Wheatgrass(1x60),Sangsara Wheatgrass by Dr. Odin Ayurvedic Capsules,799,791
183,19,2021-10-20 09:54:00 +0000 +0000,2021-10-20 09:57:00 +0000 +0000,1,1,1117,Accessories,Premium Laundry Bags,Aurome Premium Laundry Bags for dirty clothes and storage needs,699,692
184,19,2021-10-20 09:54:00 +0000 +0000,2021-10-20 09:57:00 +0000 +0000,1,1,325,Electronics & Appliances,6 Pcs Silicone Bowls,Set of 6 Pcs Silicone Stretchable Lids for Bowls Dishes ,999,989
185,19,2021-10-20 09:54:00 +0000 +0000,2021-10-20 09:57:00 +0000 +0000,1,1,1299,Home & Kitchen,Key Holder,Nobita Doraemon Keyholder (MDF_7.5X12 Inch_Multi) ,649,643
186,19,2021-10-20 09:54:00 +0000 +0000,2021-10-20 09:57:00 +0000 +0000,1,1,334,Electronics & Appliances,Portable Sewing Machine,Handheld Portable Mini Sewing Machine ,999,989
187,19,2021-10-20 09:54:00 +0000 +0000,2021-10-20 09:57:00 +0000 +0000,1,1,1467,Home Furnishing,Bedsheet Set,Valito Micro Fibre Single Size Bedsheet & Pillow Cover Brown Motif Floral,799,791
188,19,2021-10-20 09:54:00 +0000 +0000,2021-10-20 09:57:00 +0000 +0000,1,1,331,Electronics & Appliances,2 in 1 Soap Dispenser,"2 in 1 Soap Dispenser for Dishwasher Liquid Holder with Sponge , 400ML",999,989
189,19,2021-10-20 09:54:00 +0000 +0000,2021-10-20 09:57:00 +0000 +0000,1,1,1354,Home & Kitchen,Key Holder,999Store Printed Joker Face Keyholder (MDF_7.5X12 Inch_Multi) KeyholderP072,649,643
190,20,2021-10-20 09:57:00 +0000 +0000,2021-10-20 10:00:00 +0000 +0000,1,1,1380,Home & Kitchen,Key Holder,999Store Printed Indian Dance Lady Keyholder (MDF_7.5X12 Inch_Multi) ,649,643
191,20,2021-10-20 09:57:00 +0000 +0000,2021-10-20 10:00:00 +0000 +0000,1,1,1463,Accessories,Premium Laundry Bags,Aurome Premium Laundry Bags for dirty clothes and storage needs,799,791
192,20,2021-10-20 09:57:00 +0000 +0000,2021-10-20 10:00:00 +0000 +0000,1,1,1336,Home & Kitchen,Key Holder,999Store Printed Buddha Keyholder (MDF_7.5X12 Inch_Multi) KeyholderP054,649,643
193,20,2021-10-20 09:57:00 +0000 +0000,2021-10-20 10:00:00 +0000 +0000,1,1,1428,Home & Kitchen,Key Holder,999Store Printed Keys Please Keyholder (MDF_7.5X12 Inch_Multi),649,643
194,20,2021-10-20 09:57:00 +0000 +0000,2021-10-20 10:00:00 +0000 +0000,1,1,418,Home & Kitchen,Water Pump Dispenser,Pump It Up! Drinking Water Pump Dispenser Manual Water Pumps ,999,989
195,20,2021-10-20 09:57:00 +0000 +0000,2021-10-20 10:00:00 +0000 +0000,1,1,1310,Home & Kitchen,Key Holder,Printed Decorative Elephant (MDF_7.5X12 Inch_Multi) KeyholderP028,649,643
196,20,2021-10-20 09:57:00 +0000 +0000,2021-10-20 10:00:00 +0000 +0000,1,1,1361,Home & Kitchen,Key Holder,999Store Printed Old Scooter Keyholder (MDF_7.5X12 Inch_Multi)P079,649,643
197,20,2021-10-20 09:57:00 +0000 +0000,2021-10-20 10:00:00 +0000 +0000,1,1,1312,Home & Kitchen,Key Holder,999Store Printed OM Keyholder (MDF_7.5X12 Inch_Multi),649,643
198,20,2021-10-20 09:57:00 +0000 +0000,2021-10-20 10:00:00 +0000 +0000,1,1,1397,Home & Kitchen,Key Holder,999Store Printed Bird Of Paradise Tree Keyholder (MDF_7.5X12 Inch_Multi),649,643
199,20,2021-10-20 09:57:00 +0000 +0000,2021-10-20 10:00:00 +0000 +0000,1,1,1438,Electronics & Appliances,Portable speaker,Speaker Y-1,999,989
200,21,2021-10-20 10:00:00 +0000 +0000,2021-10-20 10:03:00 +0000 +0000,1,1,1440,Electronics & Appliances,Portable speaker,Speaker S-10,499,494
201,21,2021-10-20 10:00:00 +0000 +0000,2021-10-20 10:03:00 +0000 +0000,1,1,1409,Home & Kitchen,Key Holder,999Store Printed Black Gorila With Sunglasses Keyholder ,649,643
202,21,2021-10-20 10:00:00 +0000 +0000,2021-10-20 10:03:00 +0000 +0000,1,1,1368,Home & Kitchen,Key Holder,999Store Printed Sab Moh Maya Hai Keyholder (MDF_7.5X12 Inch_Multi)P086,649,643
203,21,2021-10-20 10:00:00 +0000 +0000,2021-10-20 10:03:00 +0000 +0000,1,1,635,Home & Kitchen,Sangsara Wheatgrass    ,Sangsara Wheatgrass (1x60)    ,799,791
204,21,2021-10-20 10:00:00 +0000 +0000,2021-10-20 10:03:00 +0000 +0000,1,1,1328,Home & Kitchen,Key Holder,999Store Printed Dercorative Elephant Keyholder (MDF_7.5X12 Inch_Multi)P046,649,643
205,21,2021-10-20 10:00:00 +0000 +0000,2021-10-20 10:03:00 +0000 +0000,1,1,438,Home & Kitchen,Mobile Stand Car Holder,Shopper52 Fly Mobile Stand Car Universal Holder (Random Colour),699,692
206,21,2021-10-20 10:00:00 +0000 +0000,2021-10-20 10:03:00 +0000 +0000,1,1,1289,Home & Kitchen,Key Holder,Decorative Bull Keyholder (MDF_7.5X12 Inch_Multi) Keyholder,649,643
207,21,2021-10-20 10:00:00 +0000 +0000,2021-10-20 10:03:00 +0000 +0000,1,1,1099,Grocery,Sangsara Hair,Sangsara Hair by Dr. Odin Ayurvedic Capsules,999,989
208,21,2021-10-20 10:00:00 +0000 +0000,2021-10-20 10:03:00 +0000 +0000,1,1,641,Electronics & Appliances,STEAM VAPORIZER    ,STEAM VAPORIZER    ,750,742
209,21,2021-10-20 10:00:00 +0000 +0000,2021-10-20 10:03:00 +0000 +0000,1,1,613,Electronics & Appliances,PAINLESS LANCING DEVICES,PAINLESS LANCING DEVICES    ,350,346
210,22,2021-10-20 10:03:00 +0000 +0000,2021-10-20 10:06:00 +0000 +0000,1,1,639,Home & Kitchen,Sangara Aswagandha ,Sangara Aswagandha (1x60)    ,799,791
211,22,2021-10-20 10:03:00 +0000 +0000,2021-10-20 10:06:00 +0000 +0000,1,1,1302,Home & Kitchen,Key Holder,Bear playing football Keyholder( MDF_7.5X12 Inch_Multi) ,649,643
212,22,2021-10-20 10:03:00 +0000 +0000,2021-10-20 10:06:00 +0000 +0000,1,1,1100,Grocery,Sangsara Women,Sangsara Women by Dr. Odin Ayurvedic Capsules,999,989
213,22,2021-10-20 10:03:00 +0000 +0000,2021-10-20 10:06:00 +0000 +0000,1,1,1381,Home & Kitchen,Key Holder,999Store Printed Bhart Natyam Indian Lady Keyholder (MDF_7.5X12 Inch_Multi),649,643
214,22,2021-10-20 10:03:00 +0000 +0000,2021-10-20 10:06:00 +0000 +0000,1,1,1447,Electronics & Appliances,Mobiles Accessories,Mobile Bike Holder,399,395
215,22,2021-10-20 10:03:00 +0000 +0000,2021-10-20 10:06:00 +0000 +0000,1,1,1096,Grocery,Sangsara Gastro,Sangsara by Dr. Odin Gastro Ayurvedic Capsules,999,989
216,22,2021-10-20 10:03:00 +0000 +0000,2021-10-20 10:06:00 +0000 +0000,1,1,1311,Home & Kitchen,Key Holder,999Store Printed Mandala Elephant Keyholder (MDF_7.5X12 Inch_Multi),649,643
217,22,2021-10-20 10:03:00 +0000 +0000,2021-10-20 10:06:00 +0000 +0000,1,1,455,Home & Kitchen,Sangsara Women,Sangsara Women    ,999,989
218,22,2021-10-20 10:03:00 +0000 +0000,2021-10-20 10:06:00 +0000 +0000,1,1,1319,Home & Kitchen,Key Holder,999Store Printed Ganesha Face Keyholder (MDF_7.5X12 Inch_Multi)P037,649,643
219,22,2021-10-20 10:03:00 +0000 +0000,2021-10-20 10:06:00 +0000 +0000,1,1,327,Electronics & Appliances,9 Pcs Drill Bit Set,"9 Size Bits for Electric Manual Drilling Machine for Wall, Iron, and Wood",999,989
220,23,2021-10-20 10:06:00 +0000 +0000,2021-10-20 10:09:00 +0000 +0000,1,1,444,Home & Kitchen,Bag Organizer,Shopper52 Kangaroo  Magical Purse Organizer Holder Bag ,999,989
221,23,2021-10-20 10:06:00 +0000 +0000,2021-10-20 10:09:00 +0000 +0000,1,1,1106,Grocery,Sangsara Joints,Sangsara Joint by Dr. Odin Ayurvedic Capsules,999,989
222,23,2021-10-20 10:06:00 +0000 +0000,2021-10-20 10:09:00 +0000 +0000,1,1,779,Home & Kitchen,Sangsara Turmeric,Sangsara Turmeric (1x60)    ,799,791
223,23,2021-10-20 10:06:00 +0000 +0000,2021-10-20 10:09:00 +0000 +0000,1,1,1419,Home & Kitchen,Key Holder,999Store Printed Rajasthani Lady Keyholder (MDF_7.5X12 Inch_Multi),649,643
224,23,2021-10-20 10:06:00 +0000 +0000,2021-10-20 10:09:00 +0000 +0000,1,1,404,Home & Kitchen,Sun Visor & Mobile Holder,Grid-It Car Sun Visor Organizer Storage Mobile Holder Gadget - GRID    ,999,989
225,23,2021-10-20 10:06:00 +0000 +0000,2021-10-20 10:09:00 +0000 +0000,1,1,616,Home & Kitchen,Sangsara Joints    ,Sangsara Joints    ,999,989
226,23,2021-10-20 10:06:00 +0000 +0000,2021-10-20 10:09:00 +0000 +0000,1,1,1426,Home & Kitchen,Key Holder,999Store Printed Laove Keys Keyholder (MDF_7.5X12 Inch_Multi) KeyholderP144,649,643
227,23,2021-10-20 10:06:00 +0000 +0000,2021-10-20 10:09:00 +0000 +0000,1,1,1437,Electronics & Appliances,Portable speaker,Tg-113 Speaker,999,989
228,23,2021-10-20 10:06:00 +0000 +0000,2021-10-20 10:09:00 +0000 +0000,1,1,1371,Home & Kitchen,Key Holder,999Store Printed Chabi Yaha Hai Keyholder ( MDF_7.5X12 Inch_Multi)P089,649,643
229,23,2021-10-20 10:06:00 +0000 +0000,2021-10-20 10:09:00 +0000 +0000,1,1,759,Home & Kitchen,Electronic  Kitchen,Shopper52 Electronic Kitchen Weighing Scale 10kg/1Kg  ELTKTSL ,999,989
230,24,2021-10-20 10:09:00 +0000 +0000,2021-10-20 10:12:00 +0000 +0000,1,1,1389,Home & Kitchen,Key Holder,999Store Printed Red Flower Printed Keyholder (MDF_7.5X12 Inch_Multi),649,643
231,24,2021-10-20 10:09:00 +0000 +0000,2021-10-20 10:12:00 +0000 +0000,1,1,1392,Home & Kitchen,Key Holder,999Store Printed Lady Redy To Picnic Keyholder (MDF_7.5X12 Inch_Multi),649,643
232,24,2021-10-20 10:09:00 +0000 +0000,2021-10-20 10:12:00 +0000 +0000,1,1,1102,Grocery,Sangsara Men,Sangsara Menby Dr. Odin Ayurvedic Capsules,999,989
233,24,2021-10-20 10:09:00 +0000 +0000,2021-10-20 10:12:00 +0000 +0000,1,1,1420,Home & Kitchen,Key Holder,999Store Printed Hang Your Keys Here Keyholder (MDF_7.5X12 Inch_Multi),649,643
234,24,2021-10-20 10:09:00 +0000 +0000,2021-10-20 10:12:00 +0000 +0000,1,1,302,Electronics & Appliances,Cotton Ankle Length Socks,Multicolour Men's Women's Cotton Ankle Length Formal Socks ,999,989
235,24,2021-10-20 10:09:00 +0000 +0000,2021-10-20 10:12:00 +0000 +0000,1,1,1423,Home & Kitchen,Key Holder,999StorePrinted May I Have Your Keys Please Keyholder ,649,643
236,24,2021-10-20 10:09:00 +0000 +0000,2021-10-20 10:12:00 +0000 +0000,1,1,462,Home Furnishing,Multicolor Cushion Covers,"Aurome Set of 5 world of ocean Cushion Cover - (Multicolour, 16 x 16 inch)",999,989
237,24,2021-10-20 10:09:00 +0000 +0000,2021-10-20 10:12:00 +0000 +0000,1,1,1446,Electronics & Appliances,Mobiles Accessories,Mobile stand,399,395
238,24,2021-10-20 10:09:00 +0000 +0000,2021-10-20 10:12:00 +0000 +0000,1,1,1430,Home & Kitchen,Key Holder,999Store Printed Parrot Keyholder( MDF_7.5X12 Inch_Multi) KeyholderP148,649,643
239,24,2021-10-20 10:09:00 +0000 +0000,2021-10-20 10:12:00 +0000 +0000,1,1,1123,Accessories,Premium Laundry Bags,Aurome Premium Laundry Bags for dirty clothes and storage needs,699,692
240,25,2021-10-20 10:12:00 +0000 +0000,2021-10-20 10:15:00 +0000 +0000,1,1,1324,Home & Kitchen,Key Holder,999Store Printed Old BabaAnd Beard Keyholder (MDF_7.5X12 Inch_Multi)P042,649,643
241,25,2021-10-20 10:12:00 +0000 +0000,2021-10-20 10:15:00 +0000 +0000,1,1,1286,Home & Kitchen,Key Holder,Printed Traditional keyholders (MDF_7.5X12 Inch_Multi) Keyholder,649,643
242,25,2021-10-20 10:12:00 +0000 +0000,2021-10-20 10:15:00 +0000 +0000,1,1,466,Home Furnishing,Multicolor Cushion Covers,"Aurome Set of 5 Love life Cushion Cover - (Multicolour, 16 x 16 inch)",999,989
243,25,2021-10-20 10:12:00 +0000 +0000,2021-10-20 10:15:00 +0000 +0000,1,1,1436,Electronics & Appliances,Health Essential Kit,Stone Slippers,999,989
244,25,2021-10-20 10:12:00 +0000 +0000,2021-10-20 10:15:00 +0000 +0000,1,1,460,Home Furnishing,Multicolor Cushion Covers,"Aurome Set of 5 blue and white Cushion Cover - (Multicolour, 16 x 16 inch)",999,989
245,25,2021-10-20 10:12:00 +0000 +0000,2021-10-20 10:15:00 +0000 +0000,1,1,834,Home & Kitchen,Wall Clock 3D Sticker,Shopper52 DIY Wall Clock 3D Sticker Home Office Decor 3D Wall Clock,999,989
246,25,2021-10-20 10:12:00 +0000 +0000,2021-10-20 10:15:00 +0000 +0000,1,1,372,Accessories,Premium Laundry Bags,Aurome Premium Laundry Bags for dirty clothes and storage needs,599,593
247,25,2021-10-20 10:12:00 +0000 +0000,2021-10-20 10:15:00 +0000 +0000,1,1,461,Home Furnishing,Geometric Cushion Cover,"Aurome Set of 5 geometric Cushion Cover - (Multicolour, 16 x16 inch)",999,989
248,25,2021-10-20 10:12:00 +0000 +0000,2021-10-20 10:15:00 +0000 +0000,1,1,810,Home & Kitchen,Sangsara Moringa,Sangsara Moringa (1x60)    ,799,791
249,25,2021-10-20 10:12:00 +0000 +0000,2021-10-20 10:15:00 +0000 +0000,1,1,1441,Electronics & Appliances,Extention board,6 port Extention board,599,593
250,26,2021-10-20 10:15:00 +0000 +0000,2021-10-20 10:18:00 +0000 +0000,1,1,1384,Home & Kitchen,Key Holder,999Store Printed Indian Lady Keyholder (MDF_7.5X12 Inch_Multi),649,643
251,26,2021-10-20 10:15:00 +0000 +0000,2021-10-20 10:18:00 +0000 +0000,1,1,1118,Grocery,Sangsara Gudmar (1x60),Sangsara Gudmar by Dr. Odin Ayurvedic Capsules,799,791
252,26,2021-10-20 10:15:00 +0000 +0000,2021-10-20 10:18:00 +0000 +0000,1,1,1416,Home & Kitchen,Key Holder,999Store Printed Parrot And Sparrow Keyholder ( MDF_7.5X12 Inch_Multi) ,649,643
253,26,2021-10-20 10:15:00 +0000 +0000,2021-10-20 10:18:00 +0000 +0000,1,1,1400,Home & Kitchen,Key Holder,999Store Printed Abstruck Printed Keyholder (MDF_7.5X12 Inch_Multi),649,643
254,26,2021-10-20 10:15:00 +0000 +0000,2021-10-20 10:18:00 +0000 +0000,1,1,324,Electronics & Appliances,13 Pieces Drill Bit Set,"Drill Bit Set, All Size for Electric Manual Drilling Machine, 13 Pieces",999,989
255,26,2021-10-20 10:15:00 +0000 +0000,2021-10-20 10:18:00 +0000 +0000,1,1,1457,Electronics & Appliances,Health Essential Kit,Magnetic Bracelate,599,593
256,26,2021-10-20 10:15:00 +0000 +0000,2021-10-20 10:18:00 +0000 +0000,1,1,634,Home & Kitchen,Camping Lantern Light,Solar Rechargeable 6LED Camping Lantern Light G-85 - 6LEDG85    ,999,989
257,26,2021-10-20 10:15:00 +0000 +0000,2021-10-20 10:18:00 +0000 +0000,1,1,1367,Home & Kitchen,Key Holder,999Store Beta Tumse Na Ho Payega Keyholder (MDF_7.5X12 Inch_Multi)P085,649,643
258,26,2021-10-20 10:15:00 +0000 +0000,2021-10-20 10:18:00 +0000 +0000,1,1,1411,Home & Kitchen,Key Holder,999Store Black Gorila Listening To Music Keyholder (MDF_7.5X12 Inch_Multi),649,643
259,26,2021-10-20 10:15:00 +0000 +0000,2021-10-20 10:18:00 +0000 +0000,1,1,1448,Electronics & Appliances,Mobiles Accessories,Bike Mobile Charger,399,395
260,27,2021-10-20 10:18:00 +0000 +0000,2021-10-20 10:21:00 +0000 +0000,1,1,1443,Electronics & Appliances,Body Massager,Mimo Massager,399,395
261,27,2021-10-20 10:18:00 +0000 +0000,2021-10-20 10:21:00 +0000 +0000,1,1,401,Home & Kitchen,Coffee Self Stirring Mug,Automatic Coffee Mixing Cup Self Stirring Mug Best Gift - SLFMUG05    ,999,989
262,27,2021-10-20 10:18:00 +0000 +0000,2021-10-20 10:21:00 +0000 +0000,1,1,1348,Home & Kitchen,Key Holder,999Store Printed Decorative Elephant Keyholder (MDF_7.5X12 Inch_Multi)P066,649,643
263,27,2021-10-20 10:18:00 +0000 +0000,2021-10-20 10:21:00 +0000 +0000,1,1,1359,Home & Kitchen,Key Holder,999Store Printed Parrots Keyholder (MDF_7.5X12 Inch_Multi) KeyholderP077,649,643
264,27,2021-10-20 10:18:00 +0000 +0000,2021-10-20 10:21:00 +0000 +0000,1,1,1399,Home & Kitchen,Key Holder,999Store Printed Drop Keys Hers Printed Keyholder (MDF_7.5X12 Inch_Multi),649,643
265,27,2021-10-20 10:18:00 +0000 +0000,2021-10-20 10:21:00 +0000 +0000,1,1,1094,Electronics & Appliances,Hot & cool,HOT & COOL (TRANSPARENT)    ,680,673
266,27,2021-10-20 10:18:00 +0000 +0000,2021-10-20 10:21:00 +0000 +0000,1,1,1316,Home & Kitchen,Key Holder,999Store Printed Rajasthani Tauji Keyholder (MDF_7.5X12 Inch_Multi)P034,649,643
267,27,2021-10-20 10:18:00 +0000 +0000,2021-10-20 10:21:00 +0000 +0000,1,1,1125,Grocery,Sangsara Build,Sangsara Build by Dr. Odin Ayurvedic Capsules,999,989
268,27,2021-10-20 10:18:00 +0000 +0000,2021-10-20 10:21:00 +0000 +0000,1,1,1322,Home & Kitchen,Key Holder,999Store Printed Dercorative Elephant Keyholder (MDF_7.5X12 Inch_Multi)P040,649,643
269,27,2021-10-20 10:18:00 +0000 +0000,2021-10-20 10:21:00 +0000 +0000,1,1,1098,Grocery,Sangsara Brain,Sangsara Brain by Dr. Odin Ayurvedic Capsules,999,989
270,28,2021-10-20 10:21:00 +0000 +0000,2021-10-20 10:24:00 +0000 +0000,1,1,1337,Home & Kitchen,Key Holder,999Store Printed Buddha Keyholder (MDF_7.5X12 Inch_Multi) KeyholderP055,649,643
271,28,2021-10-20 10:21:00 +0000 +0000,2021-10-20 10:24:00 +0000 +0000,1,1,1357,Home & Kitchen,Key Holder,999Store Printed Indian Woman Face Keyholder (MDF_7.5X12 Inch_Multi)P075,649,643
272,28,2021-10-20 10:21:00 +0000 +0000,2021-10-20 10:24:00 +0000 +0000,1,1,1395,Home & Kitchen,Key Holder,999Store Printed Auto Keyholder (MDF_7.5X12 Inch_Multi) KeyholderP113,649,643
273,28,2021-10-20 10:21:00 +0000 +0000,2021-10-20 10:24:00 +0000 +0000,1,1,1355,Home & Kitchen,Key Holder,999Store Printed Padharo Mharae Desh Keyholder (MDF_7.5X12 Inch_Multi)P073,649,643
274,28,2021-10-20 10:21:00 +0000 +0000,2021-10-20 10:24:00 +0000 +0000,1,1,1363,Home & Kitchen,Key Holder,999Store Printed Decorative Elephant Keyholder( MDF_7.5X12 Inch_Multi)P081,649,643
275,28,2021-10-20 10:21:00 +0000 +0000,2021-10-20 10:24:00 +0000 +0000,1,1,1427,Home & Kitchen,Key Holder,999Store Printed Hang Your Keys Here Keyholder (MDF_7.5X12 Inch_Multi),649,643
276,28,2021-10-20 10:21:00 +0000 +0000,2021-10-20 10:24:00 +0000 +0000,1,1,1304,Home & Kitchen,Key Holder,Minions Cartoon Keyholder (MDF_7.5X12 Inch_Multi),649,643
277,28,2021-10-20 10:21:00 +0000 +0000,2021-10-20 10:24:00 +0000 +0000,1,1,452,Home & Kitchen,Shampoo Soap Dispenser,Shopper52 500Ml Portable Suction Single Mounted Shampoo Soap Gel Dispenser ,999,989
278,28,2021-10-20 10:21:00 +0000 +0000,2021-10-20 10:24:00 +0000 +0000,1,1,1285,Home & Kitchen,Key Holder,Store Printed Hand Namaskar Keyholder (MDF_7.5X12 Inch_Multi) KeyholderP003,649,643
279,28,2021-10-20 10:21:00 +0000 +0000,2021-10-20 10:24:00 +0000 +0000,1,1,1349,Home & Kitchen,Key Holder,999Store Hosla Ho To Mushkile Kya Hai Keyholder (MDF_7.5X12 Inch_Multi)P067,649,643
280,29,2021-10-20 10:24:00 +0000 +0000,2021-10-20 10:27:00 +0000 +0000,1,1,1292,Home & Kitchen,Key Holder,999Store Printed Deer Face Keyholder (MDF_7.5X12 Inch_Multi) KeyholderP010,649,643
281,29,2021-10-20 10:24:00 +0000 +0000,2021-10-20 10:27:00 +0000 +0000,1,1,516,Home & Kitchen,Sangsara Men    ,Sangsara Men    ,999,989
282,29,2021-10-20 10:24:00 +0000 +0000,2021-10-20 10:27:00 +0000 +0000,1,1,1407,Home & Kitchen,Key Holder,999Store Printed Lion Love Face Images Keyholder (MDF_7.5X12 Inch_Multi),649,643
283,29,2021-10-20 10:24:00 +0000 +0000,2021-10-20 10:27:00 +0000 +0000,1,1,1353,Home & Kitchen,Key Holder,999Store Printed Work On your Dreams Keyholder (MDF_7.5X12 Inch_Multi)P071,649,643
284,29,2021-10-20 10:24:00 +0000 +0000,2021-10-20 10:27:00 +0000 +0000,1,1,1116,Accessories,Laundry Bag,Aurome Premium Laundry Bags for dirty clothes and storage needs,699,692
285,29,2021-10-20 10:24:00 +0000 +0000,2021-10-20 10:27:00 +0000 +0000,1,1,1120,Accessories,Premium Laundry Bags,Aurome Premium Laundry Bags for dirty clothes and storage needs,699,692
286,29,2021-10-20 10:24:00 +0000 +0000,2021-10-20 10:27:00 +0000 +0000,1,1,454,Home & Kitchen,Sangsara Hair,Sangsara Hair    ,999,989
287,29,2021-10-20 10:24:00 +0000 +0000,2021-10-20 10:27:00 +0000 +0000,1,1,1095,Health Appliances,Alcohol prep Pads,Sterile alcohol prep pads with 70% Isopropyl alcohol,325,322
288,29,2021-10-20 10:24:00 +0000 +0000,2021-10-20 10:27:00 +0000 +0000,1,1,1113,Grocery,Sangsara Giloy (1x60),Sangsara Giloy by Dr. Odin Ayurvedic Capsules,799,791
289,29,2021-10-20 10:24:00 +0000 +0000,2021-10-20 10:27:00 +0000 +0000,1,1,774,Home & Kitchen,Sangsara brahmi,Sangsara Brahmi (1x60)    ,799,791
290,30,2021-10-20 10:27:00 +0000 +0000,2021-10-20 10:30:00 +0000 +0000,1,1,1127,Accessories,Premium Laundry Bags,Aurome Premium Laundry Bags for dirty clothes and storage needs,699,692
291,30,2021-10-20 10:27:00 +0000 +0000,2021-10-20 10:30:00 +0000 +0000,1,1,1410,Home & Kitchen,Key Holder,999Store Printed Black Gorila Mask Keyholder (MDF_7.5X12 Inch_Multi),649,643
292,30,2021-10-20 10:27:00 +0000 +0000,2021-10-20 10:30:00 +0000 +0000,1,1,1365,Home & Kitchen,Key Holder,999Store Printed Black Jaguar Keyholder (MDF_7.5X12 Inch_Multi)P083,649,643
293,30,2021-10-20 10:27:00 +0000 +0000,2021-10-20 10:30:00 +0000 +0000,1,1,353,Home & Kitchen,Screw Extractor 4 Piece,Speed Out Damaged Screw Extractor 4 Piece Set For Any Size Screw OR Bolt,999,989
294,30,2021-10-20 10:27:00 +0000 +0000,2021-10-20 10:30:00 +0000 +0000,1,1,761,Home & Kitchen,Sangsara Arjuna (1x60),Sangsara Arjuna (1x60)    ,799,791
295,30,2021-10-20 10:27:00 +0000 +0000,2021-10-20 10:30:00 +0000 +0000,1,1,1460,Accessories,Premium Laundry Bags,Aurome Premium Laundry Bags for dirty clothes and storage needs,799,791
296,30,2021-10-20 10:27:00 +0000 +0000,2021-10-20 10:30:00 +0000 +0000,1,1,1364,Home & Kitchen,Key Holder,999Store Printed Decorative Camel Keyholder( MDF_7.5X12 Inch_Multi)P082,649,643
297,30,2021-10-20 10:27:00 +0000 +0000,2021-10-20 10:30:00 +0000 +0000,1,1,1117,Grocery,Sangsara Arjuna (1x60),Sangsara Arjuna by Dr. Odin Ayurvedic Capsules,799,791
298,30,2021-10-20 10:27:00 +0000 +0000,2021-10-20 10:30:00 +0000 +0000,1,1,1295,Home & Kitchen,Key Holder,Printed Chill man drinking Coconut Water Keyholder ( MDF_7.5X12 Inch_Multi),649,643
299,30,2021-10-20 10:27:00 +0000 +0000,2021-10-20 10:30:00 +0000 +0000,1,1,1424,Home & Kitchen,Key Holder,999Store Printed Good Vibes Only Keyholder (MDF_7.5X12 Inch_Multi),649,643
300,31,2021-10-20 10:30:00 +0000 +0000,2021-10-20 10:33:00 +0000 +0000,1,1,1385,Home & Kitchen,Key Holder,999Store Printed Elephant Face Keyholder (MDF_7.5X12 Inch_Multi),649,643
301,31,2021-10-20 10:30:00 +0000 +0000,2021-10-20 10:33:00 +0000 +0000,1,1,1126,Accessories,Premium Laundry Bags,Aurome Premium Laundry Bags for dirty clothes and storage needs,699,692
302,31,2021-10-20 10:30:00 +0000 +0000,2021-10-20 10:33:00 +0000 +0000,1,1,447,Home & Kitchen,Sangsara Gastro,Sangsara Gastro    ,999,989
303,31,2021-10-20 10:30:00 +0000 +0000,2021-10-20 10:33:00 +0000 +0000,1,1,1358,Home & Kitchen,Key Holder,999Store Printed Owl Keyholder (MDF_7.5X12 Inch_Multi) KeyholderP076,649,643
304,31,2021-10-20 10:30:00 +0000 +0000,2021-10-20 10:33:00 +0000 +0000,1,1,1344,Home & Kitchen,Key Holder,999Store Printed Decorative Ganesha Keyholder (MDF_7.5X12 Inch_Multi)P062,649,643
305,31,2021-10-20 10:30:00 +0000 +0000,2021-10-20 10:33:00 +0000 +0000,1,1,1387,Home & Kitchen,Key Holder,999Store Printed Parashoot Keyholder (MDF_7.5X12 Inch_Multi),649,643
306,31,2021-10-20 10:30:00 +0000 +0000,2021-10-20 10:33:00 +0000 +0000,1,1,441,Electronics & Appliances,Alcohol prep Pads    ,Alcohol prep Pads    ,325,322
307,31,2021-10-20 10:30:00 +0000 +0000,2021-10-20 10:33:00 +0000 +0000,1,1,1445,Electronics & Appliances,Health Essential Kit,Chest expender,499,494
308,31,2021-10-20 10:30:00 +0000 +0000,2021-10-20 10:33:00 +0000 +0000,1,1,328,Electronics & Appliances,Trip Grip Carry Bags,Trip Grip Handle Carry Multiple Bags Without Hand Strain Locking Holder,999,989
309,31,2021-10-20 10:30:00 +0000 +0000,2021-10-20 10:33:00 +0000 +0000,1,1,1466,Accessories,Premium Laundry Bags,Aurome Premium Laundry Bags for dirty clothes and storage needs,799,791
310,32,2021-10-20 10:33:00 +0000 +0000,2021-10-20 10:36:00 +0000 +0000,1,1,1346,Home & Kitchen,Key Holder,999Store Printed Drop Keys Here Keyholder ( MDF_7.5X12 Inch_Multi)P064,649,643
